ID,Predicted,Data
1,[12],[[3.5350266]]
2,[12],[[3.5350266]]
3,[12],[[3.5350266]]
4,13,[3.7957063]
5,13,[3.7957063]
6,13,[3.7957063]
7,13,[3.7957063]
8,13,[3.7957063]
9,13,[3.7957063]
10,13,[3.7957063]
11,13,[3.7957063]
12,13,[3.7957063]
13,13,[3.7957063]
14,13,[3.7957063]
15,13,[3.7957063]
16,13,[3.7957063]
