ID,Predicted,Data
1,[12],[[3.5350266]]
2,[12],[[3.5350266]]
3,[12],[[3.5350266]]
4,13,[3.7957063]
